State,Intrastate_Impact,Interstate_Impact
Alabama,540,648
Alaska,60,69
Arizona,"1,970","2,560"
Arkansas,312,371
California,"126,657","172,150"
Colorado,"2,584","3,370"
Connecticut,501,617
Delaware,123,147
District of Columbia,217,258
Florida,"10,388","13,669"
Georgia,"4,289","5,632"
Hawaii,190,232
Idaho,458,562
Illinois,"4,994","6,540"
Indiana,"1,057","1,291"
Iowa,316,376
Kansas,712,889
Kentucky,903,"1,105"
Louisiana,"1,320","1,632"
Maine,120,149
Maryland,"2,893","3,687"
Massachusetts,"4,096","5,408"
Michigan,"1,763","2,237"
Minnesota,"2,152","2,807"
Mississippi,366,426
Missouri,961,"1,189"
Montana,85,101
Nebraska,206,245
Nevada,"2,280","2,940"
New Hampshire,339,426
New Jersey,"1,344","1,672"
New Mexico,287,339
New York,"13,291","17,360"
North Carolina,"6,854","9,023"
North Dakota,43,50
Ohio,"2,545","3,220"
Oklahoma,410,491
Oregon,"3,433","4,441"
Pennsylvania,"3,678","4,741"
Rhode Island,83,99
South Carolina,680,821
South Dakota,30,35
Tennessee,"1,207","1,509"
Texas,"22,445","29,517"
Utah,"1,353","1,770"
Vermont,61,73
Virginia,"1,644","2,034"
Washington,"28,424","38,249"
West Virginia,232,268
Wisconsin,"1,737","2,255"
Wyoming,65,75
Puerto Rico,177,240
US Total,"262,881","350,015"
